Question,Answer
Introduction to the course,Welcome to the data science course. Here you will learn about various data science topics.
Overview of data science and its importance,Data science is crucial for making informed decisions based on data. It involves analyzing and interpreting complex data.
Introduction to the data science workflow,"The data science workflow includes data collection, cleaning, analysis, and visualization."
Key skills and tools in data science,"Important skills include programming, statistics, and machine learning. Key tools include Python, R, and SQL."
Where can I find my course videos?,You can find all your course videos on the Cipher Schools platform under your enrolled courses section.
From where can I download the dataset?,Datasets for the course can be downloaded from the resources section of each module on the Cipher Schools platform.
How to get started with Anaconda?,You can get started with Anaconda by downloading it from the official website and following the installation instructions. It's covered in the Anaconda Setup and Overview module.
How to use Google Colab?,Google Colab is a free cloud-based service that provides Jupyter notebooks. It is covered in the Google Colab Notebook Overview module.
What are the basics of version control?,"Version control basics include tracking changes, committing updates, and collaborating with others. This is covered in the Version Control with GIT/GITLAB module."
How to create a GitHub repository?,"You can create a GitHub repository by logging into GitHub, clicking on 'New Repository', and following the instructions. This is covered in the GitHub Basics module."
What is Power BI?,Power BI is a business analytics tool by Microsoft for creating interactive visualizations and BI reports. This is covered in the Getting Started with Power BI Desktop module.
How to create dashboards in Power BI?,You can create dashboards in Power BI by using the visualization tools available in Power BI Desktop. This is covered in the Creating Dashboards and Reports module.
How to clean data in Excel?,"Data cleaning in Excel involves removing duplicates, handling missing values, and correcting errors. This is covered in the Advanced Excel Introduction module."
What are PivotTables and PivotCharts?,"PivotTables and PivotCharts are Excel features that allow you to summarize, analyze, explore, and present your data. This is covered in the PivotTables, PivotCharts, and Power Query module."
How to create macros in Excel?,You can create macros in Excel using VBA to automate repetitive tasks. This is covered in the Introduction to Excel Macros and VBA for Automation module.
What are NumPy arrays?,NumPy arrays are a powerful data structure in Python for numerical computations. This is covered in the Data Manipulation and Analysis with NumPy module.
How to visualize data with Matplotlib?,You can visualize data with Matplotlib by creating plots and charts to represent your data. This is covered in the Introduction to Matplotlib and Seaborn module.
What is machine learning?,Machine learning is a field of AI that involves training algorithms to learn from data and make predictions. This is covered in the Introduction to Machine Learning module.
How to handle missing data?,Handling missing data involves strategies like removing or imputing missing values. This is covered in the Data Preprocessing Concepts module.
What are supervised learning algorithms?,"Supervised learning algorithms include linear regression, logistic regression, decision trees, random forests, and SVMs. This is covered in the Major Machine Learning Algorithms module."
What are unsupervised learning algorithms?,"Unsupervised learning algorithms include k-means clustering, hierarchical clustering, and PCA. This is covered in the Major Machine Learning Algorithms module."
What is the importance of feature engineering?,Feature engineering involves creating new features to improve model performance. This is covered in the Data Preprocessing Concepts module.
How to perform data normalization?,Data normalization involves scaling data to a standard range. This is covered in the Data Preprocessing Concepts module.
What are advanced statistical measures?,"Advanced statistical measures include distributions, correlation, and regression analysis. This is covered in the Statistics Deep Dive module."
What is hypothesis testing?,Hypothesis testing is a method to make decisions using data. This is covered in the Statistics Deep Dive module.
How to train a simple chatbot?,Training a simple chatbot involves using NLP frameworks and training models on text data. This is covered in Project 1: Building a Chatbot.
How to integrate a chatbot with a web application?,You can integrate a chatbot with web applications using frameworks like Flask or Django. This is covered in Project 1: Building a Chatbot.
What is image classification?,Image classification involves training models to categorize images. This is covered in Project 2: Image Classification Project.
What are CNNs?,Convolutional Neural Networks (CNNs) are used for image processing and recognition tasks. This is covered in Project 2: Image Classification Project.
How to evaluate model performance?,"Model performance can be evaluated using metrics like accuracy, precision, recall, and F1-score. This is covered in Project 2: Image Classification Project."
How to install Anaconda?,You can install Anaconda by downloading the installer from the official website and following the instructions. This is covered in the Anaconda Setup and Overview module.
What are Jupyter Notebooks?,"Jupyter Notebooks are interactive documents that combine code, text, and visualizations. This is covered in the Google Colab Notebook Overview module."
How to use Git for version control?,"You can use Git for version control by initializing a repository, committing changes, and pushing to remote repositories. This is covered in the Version Control with GIT/GITLAB module."
How to collaborate using GitLab?,"GitLab provides tools for collaboration such as issue tracking, merge requests, and continuous integration. This is covered in the Version Control with GIT/GITLAB module."
What is Pandas used for?,Pandas is a Python library for data manipulation and analysis. This is covered in the Working with Data using Pandas module.
How to manipulate data with Pandas?,"Data manipulation with Pandas includes operations like filtering, grouping, and merging dataframes. This is covered in the Working with Data using Pandas module."
What is Seaborn?,Seaborn is a Python visualization library based on Matplotlib that provides a high-level interface for drawing attractive statistical graphics. This is covered in the Introduction to Matplotlib and Seaborn module.
How to create interactive plots with Plotly?,Plotly allows you to create interactive plots that can be embedded in web applications. This is covered in the Creating Interactive Visualizations with Plotly module.
What is the purpose of DAX in Power BI?,DAX (Data Analysis Expressions) is a formula language used in Power BI for data modeling. This is covered in the Data Modeling and DAX Basics module.
How to share Power BI reports?,"You can share Power BI reports using the Power BI Service, which allows for collaboration and sharing. This is covered in the Power BI Service Basics for Sharing and Collaboration module."
What is logistic regression?,Logistic regression is a supervised learning algorithm used for binary classification tasks. This is covered in the Major Machine Learning Algorithms module.
How to perform k-means clustering?,K-means clustering is an unsupervised learning algorithm used to partition data into clusters. This is covered in the Major Machine Learning Algorithms module.
What are decision trees?,Decision trees are a supervised learning algorithm used for classification and regression tasks. This is covered in the Major Machine Learning Algorithms module.
How to use random forests?,Random forests are an ensemble learning method that combines multiple decision trees to improve performance. This is covered in the Major Machine Learning Algorithms module.
What is SVM?,Support Vector Machines (SVM) are supervised learning models used for classification and regression tasks. This is covered in the Major Machine Learning Algorithms module.
How to preprocess data for machine learning?,"Data preprocessing includes tasks like handling missing data, normalization, and feature engineering. This is covered in the Data Preprocessing Concepts module."
How to clean and normalize data?,"Cleaning and normalization involve handling missing values, removing duplicates, and scaling features. This is covered in the Data Cleaning and Normalization module."
How to handle outliers in data?,Handling outliers involves identifying and possibly removing or transforming outlier values. This is covered in the Handling and Removing Outliers module.
